D:\carnd-sim\IMG\center_2017_01_08_16_13_20_158.jpg, D:\carnd-sim\IMG\left_2017_01_08_16_13_20_158.jpg, D:\carnd-sim\IMG\right_2017_01_08_16_13_20_158.jpg, 0, 1, 0, 30.18987
D:\carnd-sim\IMG\center_2017_01_08_16_13_20_260.jpg, D:\carnd-sim\IMG\left_2017_01_08_16_13_20_260.jpg, D:\carnd-sim\IMG\right_2017_01_08_16_13_20_260.jpg, 0, 1, 0, 30.18986
D:\carnd-sim\IMG\center_2017_01_08_16_13_20_367.jpg, D:\carnd-sim\IMG\left_2017_01_08_16_13_20_367.jpg, D:\carnd-sim\IMG\right_2017_01_08_16_13_20_367.jpg, 0, 1, 0, 30.18987
D:\carnd-sim\IMG\center_2017_01_08_16_13_20_476.jpg, D:\carnd-sim\IMG\left_2017_01_08_16_13_20_476.jpg, D:\carnd-sim\IMG\right_2017_01_08_16_13_20_476.jpg, 0, 1, 0, 30.18986
D:\carnd-sim\IMG\center_2017_01_08_16_13_20_579.jpg, D:\carnd-sim\IMG\left_2017_01_08_16_13_20_579.jpg, D:\carnd-sim\IMG\right_2017_01_08_16_13_20_579.jpg, 0, 1, 0, 30.18987
D:\carnd-sim\IMG\center_2017_01_08_16_13_20_681.jpg, D:\carnd-sim\IMG\left_2017_01_08_16_13_20_681.jpg, D:\carnd-sim\IMG\right_2017_01_08_16_13_20_681.jpg, -0.105402, 1, 0, 30.18711
D:\carnd-sim\IMG\center_2017_01_08_16_13_20_783.jpg, D:\carnd-sim\IMG\left_2017_01_08_16_13_20_783.jpg, D:\carnd-sim\IMG\right_2017_01_08_16_13_20_783.jpg, -0.2713591, 1, 0, 30.174
D:\carnd-sim\IMG\center_2017_01_08_16_13_20_885.jpg, D:\carnd-sim\IMG\left_2017_01_08_16_13_20_885.jpg, D:\carnd-sim\IMG\right_2017_01_08_16_13_20_885.jpg, 0, 1, 0, 30.18846
D:\carnd-sim\IMG\center_2017_01_08_16_13_20_988.jpg, D:\carnd-sim\IMG\left_2017_01_08_16_13_20_988.jpg, D:\carnd-sim\IMG\right_2017_01_08_16_13_20_988.jpg, 0, 1, 0, 30.18979
D:\carnd-sim\IMG\center_2017_01_08_16_13_21_093.jpg, D:\carnd-sim\IMG\left_2017_01_08_16_13_21_093.jpg, D:\carnd-sim\IMG\right_2017_01_08_16_13_21_093.jpg, 0, 1, 0, 30.18996
D:\carnd-sim\IMG\center_2017_01_08_16_13_21_203.jpg, D:\carnd-sim\IMG\left_2017_01_08_16_13_21_203.jpg, D:\carnd-sim\IMG\right_2017_01_08_16_13_21_203.jpg, 0, 1, 0, 30.18999
D:\carnd-sim\IMG\center_2017_01_08_16_13_21_309.jpg, D:\carnd-sim\IMG\left_2017_01_08_16_13_21_309.jpg, D:\carnd-sim\IMG\right_2017_01_08_16_13_21_309.jpg, 0, 1, 0, 30.18999
D:\carnd-sim\IMG\center_2017_01_08_16_13_21_414.jpg, D:\carnd-sim\IMG\left_2017_01_08_16_13_21_414.jpg, D:\carnd-sim\IMG\right_2017_01_08_16_13_21_414.jpg, 0, 1, 0, 30.19
D:\carnd-sim\IMG\center_2017_01_08_16_13_21_516.jpg, D:\carnd-sim\IMG\left_2017_01_08_16_13_21_516.jpg, D:\carnd-sim\IMG\right_2017_01_08_16_13_21_516.jpg, 0, 1, 0, 30.19002
D:\carnd-sim\IMG\center_2017_01_08_16_13_21_620.jpg, D:\carnd-sim\IMG\left_2017_01_08_16_13_21_620.jpg, D:\carnd-sim\IMG\right_2017_01_08_16_13_21_620.jpg, 0, 1, 0, 30.18999
D:\carnd-sim\IMG\center_2017_01_08_16_13_21_723.jpg, D:\carnd-sim\IMG\left_2017_01_08_16_13_21_723.jpg, D:\carnd-sim\IMG\right_2017_01_08_16_13_21_723.jpg, 0, 1, 0, 30.19
D:\carnd-sim\IMG\center_2017_01_08_16_13_21_832.jpg, D:\carnd-sim\IMG\left_2017_01_08_16_13_21_832.jpg, D:\carnd-sim\IMG\right_2017_01_08_16_13_21_832.jpg, 0, 1, 0, 30.19002
D:\carnd-sim\IMG\center_2017_01_08_16_13_21_936.jpg, D:\carnd-sim\IMG\left_2017_01_08_16_13_21_936.jpg, D:\carnd-sim\IMG\right_2017_01_08_16_13_21_936.jpg, 0, 1, 0, 30.19002
D:\carnd-sim\IMG\center_2017_01_08_16_13_22_045.jpg, D:\carnd-sim\IMG\left_2017_01_08_16_13_22_045.jpg, D:\carnd-sim\IMG\right_2017_01_08_16_13_22_045.jpg, 0, 1, 0, 30.18998
D:\carnd-sim\IMG\center_2017_01_08_16_13_22_151.jpg, D:\carnd-sim\IMG\left_2017_01_08_16_13_22_151.jpg, D:\carnd-sim\IMG\right_2017_01_08_16_13_22_151.jpg, 0, 1, 0, 30.19001
D:\carnd-sim\IMG\center_2017_01_08_16_13_22_259.jpg, D:\carnd-sim\IMG\left_2017_01_08_16_13_22_259.jpg, D:\carnd-sim\IMG\right_2017_01_08_16_13_22_259.jpg, 0, 1, 0, 30.19002
D:\carnd-sim\IMG\center_2017_01_08_16_13_22_367.jpg, D:\carnd-sim\IMG\left_2017_01_08_16_13_22_367.jpg, D:\carnd-sim\IMG\right_2017_01_08_16_13_22_367.jpg, 0, 1, 0, 30.18999
D:\carnd-sim\IMG\center_2017_01_08_16_13_22_474.jpg, D:\carnd-sim\IMG\left_2017_01_08_16_13_22_474.jpg, D:\carnd-sim\IMG\right_2017_01_08_16_13_22_474.jpg, 0, 1, 0, 30.19
D:\carnd-sim\IMG\center_2017_01_08_16_13_22_582.jpg, D:\carnd-sim\IMG\left_2017_01_08_16_13_22_582.jpg, D:\carnd-sim\IMG\right_2017_01_08_16_13_22_582.jpg, 0, 1, 0, 30.19002
D:\carnd-sim\IMG\center_2017_01_08_16_13_22_692.jpg, D:\carnd-sim\IMG\left_2017_01_08_16_13_22_692.jpg, D:\carnd-sim\IMG\right_2017_01_08_16_13_22_692.jpg, 0, 1, 0, 30.18999
D:\carnd-sim\IMG\center_2017_01_08_16_13_22_803.jpg, D:\carnd-sim\IMG\left_2017_01_08_16_13_22_803.jpg, D:\carnd-sim\IMG\right_2017_01_08_16_13_22_803.jpg, 0, 1, 0, 30.18999
D:\carnd-sim\IMG\center_2017_01_08_16_13_22_910.jpg, D:\carnd-sim\IMG\left_2017_01_08_16_13_22_910.jpg, D:\carnd-sim\IMG\right_2017_01_08_16_13_22_910.jpg, 0, 1, 0, 30.19002
D:\carnd-sim\IMG\center_2017_01_08_16_13_23_017.jpg, D:\carnd-sim\IMG\left_2017_01_08_16_13_23_017.jpg, D:\carnd-sim\IMG\right_2017_01_08_16_13_23_017.jpg, 0, 1, 0, 30.19001
D:\carnd-sim\IMG\center_2017_01_08_16_13_23_126.jpg, D:\carnd-sim\IMG\left_2017_01_08_16_13_23_126.jpg, D:\carnd-sim\IMG\right_2017_01_08_16_13_23_126.jpg, 0, 1, 0, 30.19002
D:\carnd-sim\IMG\center_2017_01_08_16_13_23_227.jpg, D:\carnd-sim\IMG\left_2017_01_08_16_13_23_227.jpg, D:\carnd-sim\IMG\right_2017_01_08_16_13_23_227.jpg, 0, 1, 0, 30.19
D:\carnd-sim\IMG\center_2017_01_08_16_13_23_338.jpg, D:\carnd-sim\IMG\left_2017_01_08_16_13_23_338.jpg, D:\carnd-sim\IMG\right_2017_01_08_16_13_23_338.jpg, -0.04190396, 1, 0, 30.18954
D:\carnd-sim\IMG\center_2017_01_08_16_13_23_449.jpg, D:\carnd-sim\IMG\left_2017_01_08_16_13_23_449.jpg, D:\carnd-sim\IMG\right_2017_01_08_16_13_23_449.jpg, 0, 1, 0, 30.18998
D:\carnd-sim\IMG\center_2017_01_08_16_13_23_549.jpg, D:\carnd-sim\IMG\left_2017_01_08_16_13_23_549.jpg, D:\carnd-sim\IMG\right_2017_01_08_16_13_23_549.jpg, 0, 1, 0, 30.19
D:\carnd-sim\IMG\center_2017_01_08_16_13_23_661.jpg, D:\carnd-sim\IMG\left_2017_01_08_16_13_23_661.jpg, D:\carnd-sim\IMG\right_2017_01_08_16_13_23_661.jpg, 0, 1, 0, 30.19001
D:\carnd-sim\IMG\center_2017_01_08_16_13_23_774.jpg, D:\carnd-sim\IMG\left_2017_01_08_16_13_23_774.jpg, D:\carnd-sim\IMG\right_2017_01_08_16_13_23_774.jpg, 0, 1, 0, 30.19002
D:\carnd-sim\IMG\center_2017_01_08_16_13_23_884.jpg, D:\carnd-sim\IMG\left_2017_01_08_16_13_23_884.jpg, D:\carnd-sim\IMG\right_2017_01_08_16_13_23_884.jpg, 0, 1, 0, 30.19002
D:\carnd-sim\IMG\center_2017_01_08_16_13_23_995.jpg, D:\carnd-sim\IMG\left_2017_01_08_16_13_23_995.jpg, D:\carnd-sim\IMG\right_2017_01_08_16_13_23_995.jpg, 0, 1, 0, 30.19002
D:\carnd-sim\IMG\center_2017_01_08_16_13_24_106.jpg, D:\carnd-sim\IMG\left_2017_01_08_16_13_24_106.jpg, D:\carnd-sim\IMG\right_2017_01_08_16_13_24_106.jpg, 0, 1, 0, 30.19002
D:\carnd-sim\IMG\center_2017_01_08_16_13_24_206.jpg, D:\carnd-sim\IMG\left_2017_01_08_16_13_24_206.jpg, D:\carnd-sim\IMG\right_2017_01_08_16_13_24_206.jpg, 0, 1, 0, 30.18999
D:\carnd-sim\IMG\center_2017_01_08_16_13_24_317.jpg, D:\carnd-sim\IMG\left_2017_01_08_16_13_24_317.jpg, D:\carnd-sim\IMG\right_2017_01_08_16_13_24_317.jpg, 0, 1, 0, 30.19003
D:\carnd-sim\IMG\center_2017_01_08_16_13_24_428.jpg, D:\carnd-sim\IMG\left_2017_01_08_16_13_24_428.jpg, D:\carnd-sim\IMG\right_2017_01_08_16_13_24_428.jpg, 0, 1, 0, 30.19
D:\carnd-sim\IMG\center_2017_01_08_16_13_24_538.jpg, D:\carnd-sim\IMG\left_2017_01_08_16_13_24_538.jpg, D:\carnd-sim\IMG\right_2017_01_08_16_13_24_538.jpg, 0, 1, 0, 30.19002
D:\carnd-sim\IMG\center_2017_01_08_16_13_24_647.jpg, D:\carnd-sim\IMG\left_2017_01_08_16_13_24_647.jpg, D:\carnd-sim\IMG\right_2017_01_08_16_13_24_647.jpg, 0, 1, 0, 30.19003
D:\carnd-sim\IMG\center_2017_01_08_16_13_24_748.jpg, D:\carnd-sim\IMG\left_2017_01_08_16_13_24_748.jpg, D:\carnd-sim\IMG\right_2017_01_08_16_13_24_748.jpg, 0, 1, 0, 30.19003
D:\carnd-sim\IMG\center_2017_01_08_16_13_24_856.jpg, D:\carnd-sim\IMG\left_2017_01_08_16_13_24_856.jpg, D:\carnd-sim\IMG\right_2017_01_08_16_13_24_856.jpg, 0, 1, 0, 30.19
D:\carnd-sim\IMG\center_2017_01_08_16_13_24_964.jpg, D:\carnd-sim\IMG\left_2017_01_08_16_13_24_964.jpg, D:\carnd-sim\IMG\right_2017_01_08_16_13_24_964.jpg, 0, 1, 0, 30.19002
D:\carnd-sim\IMG\center_2017_01_08_16_13_25_074.jpg, D:\carnd-sim\IMG\left_2017_01_08_16_13_25_074.jpg, D:\carnd-sim\IMG\right_2017_01_08_16_13_25_074.jpg, 0, 1, 0, 30.19003
D:\carnd-sim\IMG\center_2017_01_08_16_13_25_186.jpg, D:\carnd-sim\IMG\left_2017_01_08_16_13_25_186.jpg, D:\carnd-sim\IMG\right_2017_01_08_16_13_25_186.jpg, 0, 1, 0, 30.19001
D:\carnd-sim\IMG\center_2017_01_08_16_13_25_293.jpg, D:\carnd-sim\IMG\left_2017_01_08_16_13_25_293.jpg, D:\carnd-sim\IMG\right_2017_01_08_16_13_25_293.jpg, 0, 1, 0, 30.19002
D:\carnd-sim\IMG\center_2017_01_08_16_13_25_400.jpg, D:\carnd-sim\IMG\left_2017_01_08_16_13_25_400.jpg, D:\carnd-sim\IMG\right_2017_01_08_16_13_25_400.jpg, -0.1386325, 1, 0, 30.50314
D:\carnd-sim\IMG\center_2017_01_08_16_13_25_507.jpg, D:\carnd-sim\IMG\left_2017_01_08_16_13_25_507.jpg, D:\carnd-sim\IMG\right_2017_01_08_16_13_25_507.jpg, 0, 1, 0, 30.05982
D:\carnd-sim\IMG\center_2017_01_08_16_13_25_617.jpg, D:\carnd-sim\IMG\left_2017_01_08_16_13_25_617.jpg, D:\carnd-sim\IMG\right_2017_01_08_16_13_25_617.jpg, 0, 1, 0, 30.60616
D:\carnd-sim\IMG\center_2017_01_08_16_13_25_723.jpg, D:\carnd-sim\IMG\left_2017_01_08_16_13_25_723.jpg, D:\carnd-sim\IMG\right_2017_01_08_16_13_25_723.jpg, 0, 1, 0, 30.19085
D:\carnd-sim\IMG\center_2017_01_08_16_13_25_828.jpg, D:\carnd-sim\IMG\left_2017_01_08_16_13_25_828.jpg, D:\carnd-sim\IMG\right_2017_01_08_16_13_25_828.jpg, 0, 1, 0, 30.19025
D:\carnd-sim\IMG\center_2017_01_08_16_13_25_935.jpg, D:\carnd-sim\IMG\left_2017_01_08_16_13_25_935.jpg, D:\carnd-sim\IMG\right_2017_01_08_16_13_25_935.jpg, -0.2510644, 1, 0, 30.17559
D:\carnd-sim\IMG\center_2017_01_08_16_13_26_042.jpg, D:\carnd-sim\IMG\left_2017_01_08_16_13_26_042.jpg, D:\carnd-sim\IMG\right_2017_01_08_16_13_26_042.jpg, 0, 1, 0, 30.18961
D:\carnd-sim\IMG\center_2017_01_08_16_13_26_151.jpg, D:\carnd-sim\IMG\left_2017_01_08_16_13_26_151.jpg, D:\carnd-sim\IMG\right_2017_01_08_16_13_26_151.jpg, 0, 1, 0, 30.19062
D:\carnd-sim\IMG\center_2017_01_08_16_13_26_260.jpg, D:\carnd-sim\IMG\left_2017_01_08_16_13_26_260.jpg, D:\carnd-sim\IMG\right_2017_01_08_16_13_26_260.jpg, 0, 1, 0, 30.19034
D:\carnd-sim\IMG\center_2017_01_08_16_13_26_370.jpg, D:\carnd-sim\IMG\left_2017_01_08_16_13_26_370.jpg, D:\carnd-sim\IMG\right_2017_01_08_16_13_26_370.jpg, -0.1840749, 1, 0, 30.18234
D:\carnd-sim\IMG\center_2017_01_08_16_13_26_478.jpg, D:\carnd-sim\IMG\left_2017_01_08_16_13_26_478.jpg, D:\carnd-sim\IMG\right_2017_01_08_16_13_26_478.jpg, 0, 1, 0, 30.19018
D:\carnd-sim\IMG\center_2017_01_08_16_13_26_587.jpg, D:\carnd-sim\IMG\left_2017_01_08_16_13_26_587.jpg, D:\carnd-sim\IMG\right_2017_01_08_16_13_26_587.jpg, 0, 1, 0, 30.19028
D:\carnd-sim\IMG\center_2017_01_08_16_13_26_697.jpg, D:\carnd-sim\IMG\left_2017_01_08_16_13_26_697.jpg, D:\carnd-sim\IMG\right_2017_01_08_16_13_26_697.jpg, 0, 1, 0, 30.19032
D:\carnd-sim\IMG\center_2017_01_08_16_13_26_803.jpg, D:\carnd-sim\IMG\left_2017_01_08_16_13_26_803.jpg, D:\carnd-sim\IMG\right_2017_01_08_16_13_26_803.jpg, 0, 1, 0, 30.19048
D:\carnd-sim\IMG\center_2017_01_08_16_13_26_908.jpg, D:\carnd-sim\IMG\left_2017_01_08_16_13_26_908.jpg, D:\carnd-sim\IMG\right_2017_01_08_16_13_26_908.jpg, 0, 1, 0, 30.19029
D:\carnd-sim\IMG\center_2017_01_08_16_13_27_012.jpg, D:\carnd-sim\IMG\left_2017_01_08_16_13_27_012.jpg, D:\carnd-sim\IMG\right_2017_01_08_16_13_27_012.jpg, -0.171419, 1, 0, 30.18198
D:\carnd-sim\IMG\center_2017_01_08_16_13_27_119.jpg, D:\carnd-sim\IMG\left_2017_01_08_16_13_27_119.jpg, D:\carnd-sim\IMG\right_2017_01_08_16_13_27_119.jpg, 0, 1, 0, 30.18999
D:\carnd-sim\IMG\center_2017_01_08_16_13_27_230.jpg, D:\carnd-sim\IMG\left_2017_01_08_16_13_27_230.jpg, D:\carnd-sim\IMG\right_2017_01_08_16_13_27_230.jpg, 0, 1, 0, 30.19035
D:\carnd-sim\IMG\center_2017_01_08_16_13_27_335.jpg, D:\carnd-sim\IMG\left_2017_01_08_16_13_27_335.jpg, D:\carnd-sim\IMG\right_2017_01_08_16_13_27_335.jpg, -0.1425248, 1, 0, 30.18545
D:\carnd-sim\IMG\center_2017_01_08_16_13_27_439.jpg, D:\carnd-sim\IMG\left_2017_01_08_16_13_27_439.jpg, D:\carnd-sim\IMG\right_2017_01_08_16_13_27_439.jpg, 0, 1, 0, 30.19019
D:\carnd-sim\IMG\center_2017_01_08_16_13_27_543.jpg, D:\carnd-sim\IMG\left_2017_01_08_16_13_27_543.jpg, D:\carnd-sim\IMG\right_2017_01_08_16_13_27_543.jpg, 0, 1, 0, 30.19029
D:\carnd-sim\IMG\center_2017_01_08_16_13_27_646.jpg, D:\carnd-sim\IMG\left_2017_01_08_16_13_27_646.jpg, D:\carnd-sim\IMG\right_2017_01_08_16_13_27_646.jpg, 0, 1, 0, 30.1903
D:\carnd-sim\IMG\center_2017_01_08_16_13_27_751.jpg, D:\carnd-sim\IMG\left_2017_01_08_16_13_27_751.jpg, D:\carnd-sim\IMG\right_2017_01_08_16_13_27_751.jpg, -0.03392844, 1, 0, 30.19003
D:\carnd-sim\IMG\center_2017_01_08_16_13_27_853.jpg, D:\carnd-sim\IMG\left_2017_01_08_16_13_27_853.jpg, D:\carnd-sim\IMG\right_2017_01_08_16_13_27_853.jpg, -0.1336568, 1, 0, 30.18696
D:\carnd-sim\IMG\center_2017_01_08_16_13_27_960.jpg, D:\carnd-sim\IMG\left_2017_01_08_16_13_27_960.jpg, D:\carnd-sim\IMG\right_2017_01_08_16_13_27_960.jpg, 0, 1, 0, 30.19007
D:\carnd-sim\IMG\center_2017_01_08_16_13_28_061.jpg, D:\carnd-sim\IMG\left_2017_01_08_16_13_28_061.jpg, D:\carnd-sim\IMG\right_2017_01_08_16_13_28_061.jpg, -0.270789, 1, 0, 30.17458
D:\carnd-sim\IMG\center_2017_01_08_16_13_28_174.jpg, D:\carnd-sim\IMG\left_2017_01_08_16_13_28_174.jpg, D:\carnd-sim\IMG\right_2017_01_08_16_13_28_174.jpg, 0, 1, 0, 30.1892
D:\carnd-sim\IMG\center_2017_01_08_16_13_28_284.jpg, D:\carnd-sim\IMG\left_2017_01_08_16_13_28_284.jpg, D:\carnd-sim\IMG\right_2017_01_08_16_13_28_284.jpg, -0.1644612, 1, 0, 30.1856
D:\carnd-sim\IMG\center_2017_01_08_16_13_28_392.jpg, D:\carnd-sim\IMG\left_2017_01_08_16_13_28_392.jpg, D:\carnd-sim\IMG\right_2017_01_08_16_13_28_392.jpg, -0.03372042, 1, 0, 30.19081
D:\carnd-sim\IMG\center_2017_01_08_16_13_28_498.jpg, D:\carnd-sim\IMG\left_2017_01_08_16_13_28_498.jpg, D:\carnd-sim\IMG\right_2017_01_08_16_13_28_498.jpg, -0.03098084, 1, 0, 30.19028
D:\carnd-sim\IMG\center_2017_01_08_16_13_28_606.jpg, D:\carnd-sim\IMG\left_2017_01_08_16_13_28_606.jpg, D:\carnd-sim\IMG\right_2017_01_08_16_13_28_606.jpg, -0.3882452, 1, 0, 30.16164
D:\carnd-sim\IMG\center_2017_01_08_16_13_28_708.jpg, D:\carnd-sim\IMG\left_2017_01_08_16_13_28_708.jpg, D:\carnd-sim\IMG\right_2017_01_08_16_13_28_708.jpg, -0.557838, 1, 0, 30.14657
D:\carnd-sim\IMG\center_2017_01_08_16_13_28_809.jpg, D:\carnd-sim\IMG\left_2017_01_08_16_13_28_809.jpg, D:\carnd-sim\IMG\right_2017_01_08_16_13_28_809.jpg, -0.253325, 1, 0, 30.19516
D:\carnd-sim\IMG\center_2017_01_08_16_13_28_913.jpg, D:\carnd-sim\IMG\left_2017_01_08_16_13_28_913.jpg, D:\carnd-sim\IMG\right_2017_01_08_16_13_28_913.jpg, -0.5648887, 1, 0, 30.15757
D:\carnd-sim\IMG\center_2017_01_08_16_13_29_020.jpg, D:\carnd-sim\IMG\left_2017_01_08_16_13_29_020.jpg, D:\carnd-sim\IMG\right_2017_01_08_16_13_29_020.jpg, -0.2823417, 1, 0, 30.19159
D:\carnd-sim\IMG\center_2017_01_08_16_13_29_129.jpg, D:\carnd-sim\IMG\left_2017_01_08_16_13_29_129.jpg, D:\carnd-sim\IMG\right_2017_01_08_16_13_29_129.jpg, 0, 1, 0, 30.18571
D:\carnd-sim\IMG\center_2017_01_08_16_13_29_230.jpg, D:\carnd-sim\IMG\left_2017_01_08_16_13_29_230.jpg, D:\carnd-sim\IMG\right_2017_01_08_16_13_29_230.jpg, 0, 1, 0, 30.18811
D:\carnd-sim\IMG\center_2017_01_08_16_13_29_339.jpg, D:\carnd-sim\IMG\left_2017_01_08_16_13_29_339.jpg, D:\carnd-sim\IMG\right_2017_01_08_16_13_29_339.jpg, 0, 1, 0, 30.18901
D:\carnd-sim\IMG\center_2017_01_08_16_13_29_445.jpg, D:\carnd-sim\IMG\left_2017_01_08_16_13_29_445.jpg, D:\carnd-sim\IMG\right_2017_01_08_16_13_29_445.jpg, 0.2849596, 1, 0, 30.169
D:\carnd-sim\IMG\center_2017_01_08_16_13_29_552.jpg, D:\carnd-sim\IMG\left_2017_01_08_16_13_29_552.jpg, D:\carnd-sim\IMG\right_2017_01_08_16_13_29_552.jpg, 0, 1, 0, 30.19042
D:\carnd-sim\IMG\center_2017_01_08_16_13_29_658.jpg, D:\carnd-sim\IMG\left_2017_01_08_16_13_29_658.jpg, D:\carnd-sim\IMG\right_2017_01_08_16_13_29_658.jpg, 0, 1, 0, 30.18783
D:\carnd-sim\IMG\center_2017_01_08_16_13_29_765.jpg, D:\carnd-sim\IMG\left_2017_01_08_16_13_29_765.jpg, D:\carnd-sim\IMG\right_2017_01_08_16_13_29_765.jpg, 0, 1, 0, 30.19145
D:\carnd-sim\IMG\center_2017_01_08_16_13_29_871.jpg, D:\carnd-sim\IMG\left_2017_01_08_16_13_29_871.jpg, D:\carnd-sim\IMG\right_2017_01_08_16_13_29_871.jpg, 0, 1, 0, 30.1921
D:\carnd-sim\IMG\center_2017_01_08_16_13_29_974.jpg, D:\carnd-sim\IMG\left_2017_01_08_16_13_29_974.jpg, D:\carnd-sim\IMG\right_2017_01_08_16_13_29_974.jpg, 0, 1, 0, 30.19052
D:\carnd-sim\IMG\center_2017_01_08_16_13_30_080.jpg, D:\carnd-sim\IMG\left_2017_01_08_16_13_30_080.jpg, D:\carnd-sim\IMG\right_2017_01_08_16_13_30_080.jpg, -0.2803567, 1, 0, 30.17303
D:\carnd-sim\IMG\center_2017_01_08_16_13_30_189.jpg, D:\carnd-sim\IMG\left_2017_01_08_16_13_30_189.jpg, D:\carnd-sim\IMG\right_2017_01_08_16_13_30_189.jpg, -0.03856372, 1, 0, 30.19212
D:\carnd-sim\IMG\center_2017_01_08_16_13_30_294.jpg, D:\carnd-sim\IMG\left_2017_01_08_16_13_30_294.jpg, D:\carnd-sim\IMG\right_2017_01_08_16_13_30_294.jpg, -0.3553931, 1, 0, 30.16428
D:\carnd-sim\IMG\center_2017_01_08_16_13_30_402.jpg, D:\carnd-sim\IMG\left_2017_01_08_16_13_30_402.jpg, D:\carnd-sim\IMG\right_2017_01_08_16_13_30_402.jpg, -0.0698958, 1, 0, 30.18966
D:\carnd-sim\IMG\center_2017_01_08_16_13_30_510.jpg, D:\carnd-sim\IMG\left_2017_01_08_16_13_30_510.jpg, D:\carnd-sim\IMG\right_2017_01_08_16_13_30_510.jpg, -0.3557839, 1, 0, 30.17115
D:\carnd-sim\IMG\center_2017_01_08_16_13_30_610.jpg, D:\carnd-sim\IMG\left_2017_01_08_16_13_30_610.jpg, D:\carnd-sim\IMG\right_2017_01_08_16_13_30_610.jpg, -0.6568135, 1, 0, 30.12256
D:\carnd-sim\IMG\center_2017_01_08_16_13_30_711.jpg, D:\carnd-sim\IMG\left_2017_01_08_16_13_30_711.jpg, D:\carnd-sim\IMG\right_2017_01_08_16_13_30_711.jpg, -0.9593038, 1, 0, 30.09594
D:\carnd-sim\IMG\center_2017_01_08_16_13_30_818.jpg, D:\carnd-sim\IMG\left_2017_01_08_16_13_30_818.jpg, D:\carnd-sim\IMG\right_2017_01_08_16_13_30_818.jpg, -0.6753403, 1, 0, 30.17866
D:\carnd-sim\IMG\center_2017_01_08_16_13_30_927.jpg, D:\carnd-sim\IMG\left_2017_01_08_16_13_30_927.jpg, D:\carnd-sim\IMG\right_2017_01_08_16_13_30_927.jpg, -0.3112702, 1, 0, 30.20166
D:\carnd-sim\IMG\center_2017_01_08_16_13_31_031.jpg, D:\carnd-sim\IMG\left_2017_01_08_16_13_31_031.jpg, D:\carnd-sim\IMG\right_2017_01_08_16_13_31_031.jpg, 0, 1, 0, 30.18522
D:\carnd-sim\IMG\center_2017_01_08_16_13_31_135.jpg, D:\carnd-sim\IMG\left_2017_01_08_16_13_31_135.jpg, D:\carnd-sim\IMG\right_2017_01_08_16_13_31_135.jpg, 0, 1, 0, 30.18955
D:\carnd-sim\IMG\center_2017_01_08_16_13_31_243.jpg, D:\carnd-sim\IMG\left_2017_01_08_16_13_31_243.jpg, D:\carnd-sim\IMG\right_2017_01_08_16_13_31_243.jpg, 0.1260965, 1, 0, 30.18344
D:\carnd-sim\IMG\center_2017_01_08_16_13_31_350.jpg, D:\carnd-sim\IMG\left_2017_01_08_16_13_31_350.jpg, D:\carnd-sim\IMG\right_2017_01_08_16_13_31_350.jpg, 0, 1, 0, 30.1905
D:\carnd-sim\IMG\center_2017_01_08_16_13_31_455.jpg, D:\carnd-sim\IMG\left_2017_01_08_16_13_31_455.jpg, D:\carnd-sim\IMG\right_2017_01_08_16_13_31_455.jpg, 0, 1, 0, 30.19033
D:\carnd-sim\IMG\center_2017_01_08_16_13_31_559.jpg, D:\carnd-sim\IMG\left_2017_01_08_16_13_31_559.jpg, D:\carnd-sim\IMG\right_2017_01_08_16_13_31_559.jpg, -0.1238018, 1, 0, 30.186
D:\carnd-sim\IMG\center_2017_01_08_16_13_31_666.jpg, D:\carnd-sim\IMG\left_2017_01_08_16_13_31_666.jpg, D:\carnd-sim\IMG\right_2017_01_08_16_13_31_666.jpg, -0.05242094, 1, 0, 30.19126
D:\carnd-sim\IMG\center_2017_01_08_16_13_31_772.jpg, D:\carnd-sim\IMG\left_2017_01_08_16_13_31_772.jpg, D:\carnd-sim\IMG\right_2017_01_08_16_13_31_772.jpg, 0, 1, 0, 30.19043
D:\carnd-sim\IMG\center_2017_01_08_16_13_31_877.jpg, D:\carnd-sim\IMG\left_2017_01_08_16_13_31_877.jpg, D:\carnd-sim\IMG\right_2017_01_08_16_13_31_877.jpg, -0.2088129, 1, 0, 30.18117
D:\carnd-sim\IMG\center_2017_01_08_16_13_31_982.jpg, D:\carnd-sim\IMG\left_2017_01_08_16_13_31_982.jpg, D:\carnd-sim\IMG\right_2017_01_08_16_13_31_982.jpg, -0.1479481, 1, 0, 30.19102
D:\carnd-sim\IMG\center_2017_01_08_16_13_32_091.jpg, D:\carnd-sim\IMG\left_2017_01_08_16_13_32_091.jpg, D:\carnd-sim\IMG\right_2017_01_08_16_13_32_091.jpg, -0.0846725, 1, 0, 30.19064
D:\carnd-sim\IMG\center_2017_01_08_16_13_32_199.jpg, D:\carnd-sim\IMG\left_2017_01_08_16_13_32_199.jpg, D:\carnd-sim\IMG\right_2017_01_08_16_13_32_199.jpg, -0.267609, 1, 0, 30.17903
D:\carnd-sim\IMG\center_2017_01_08_16_13_32_306.jpg, D:\carnd-sim\IMG\left_2017_01_08_16_13_32_306.jpg, D:\carnd-sim\IMG\right_2017_01_08_16_13_32_306.jpg, 0, 1, 0, 30.18995
D:\carnd-sim\IMG\center_2017_01_08_16_13_32_418.jpg, D:\carnd-sim\IMG\left_2017_01_08_16_13_32_418.jpg, D:\carnd-sim\IMG\right_2017_01_08_16_13_32_418.jpg, -0.134742, 1, 0, 30.18833
D:\carnd-sim\IMG\center_2017_01_08_16_13_32_529.jpg, D:\carnd-sim\IMG\left_2017_01_08_16_13_32_529.jpg, D:\carnd-sim\IMG\right_2017_01_08_16_13_32_529.jpg, 0, 1, 0, 30.1902
D:\carnd-sim\IMG\center_2017_01_08_16_13_32_639.jpg, D:\carnd-sim\IMG\left_2017_01_08_16_13_32_639.jpg, D:\carnd-sim\IMG\right_2017_01_08_16_13_32_639.jpg, -0.08753274, 1, 0, 30.18934
D:\carnd-sim\IMG\center_2017_01_08_16_13_32_751.jpg, D:\carnd-sim\IMG\left_2017_01_08_16_13_32_751.jpg, D:\carnd-sim\IMG\right_2017_01_08_16_13_32_751.jpg, -0.02300711, 1, 0, 30.19081
D:\carnd-sim\IMG\center_2017_01_08_16_13_32_856.jpg, D:\carnd-sim\IMG\left_2017_01_08_16_13_32_856.jpg, D:\carnd-sim\IMG\right_2017_01_08_16_13_32_856.jpg, -0.04153023, 1, 0, 30.19022
D:\carnd-sim\IMG\center_2017_01_08_16_13_32_962.jpg, D:\carnd-sim\IMG\left_2017_01_08_16_13_32_962.jpg, D:\carnd-sim\IMG\right_2017_01_08_16_13_32_962.jpg, -0.1502851, 1, 0, 30.18702
D:\carnd-sim\IMG\center_2017_01_08_16_13_33_071.jpg, D:\carnd-sim\IMG\left_2017_01_08_16_13_33_071.jpg, D:\carnd-sim\IMG\right_2017_01_08_16_13_33_071.jpg, 0, 1, 0, 30.19005
D:\carnd-sim\IMG\center_2017_01_08_16_13_33_339.jpg, D:\carnd-sim\IMG\left_2017_01_08_16_13_33_339.jpg, D:\carnd-sim\IMG\right_2017_01_08_16_13_33_339.jpg, -0.7993778, 1, 0, 30.12739
D:\carnd-sim\IMG\center_2017_01_08_16_13_33_451.jpg, D:\carnd-sim\IMG\left_2017_01_08_16_13_33_451.jpg, D:\carnd-sim\IMG\right_2017_01_08_16_13_33_451.jpg, -0.4622225, 1, 0, 30.19891
D:\carnd-sim\IMG\center_2017_01_08_16_13_33_552.jpg, D:\carnd-sim\IMG\left_2017_01_08_16_13_33_552.jpg, D:\carnd-sim\IMG\right_2017_01_08_16_13_33_552.jpg, -0.1581381, 1, 0, 30.1938
D:\carnd-sim\IMG\center_2017_01_08_16_13_33_664.jpg, D:\carnd-sim\IMG\left_2017_01_08_16_13_33_664.jpg, D:\carnd-sim\IMG\right_2017_01_08_16_13_33_664.jpg, 0, 1, 0, 30.18589
D:\carnd-sim\IMG\center_2017_01_08_16_13_33_771.jpg, D:\carnd-sim\IMG\left_2017_01_08_16_13_33_771.jpg, D:\carnd-sim\IMG\right_2017_01_08_16_13_33_771.jpg, 0.09579375, 1, 0, 30.18066
D:\carnd-sim\IMG\center_2017_01_08_16_13_33_871.jpg, D:\carnd-sim\IMG\left_2017_01_08_16_13_33_871.jpg, D:\carnd-sim\IMG\right_2017_01_08_16_13_33_871.jpg, 0.3963154, 1, 0, 30.14886
D:\carnd-sim\IMG\center_2017_01_08_16_13_33_971.jpg, D:\carnd-sim\IMG\left_2017_01_08_16_13_33_971.jpg, D:\carnd-sim\IMG\right_2017_01_08_16_13_33_971.jpg, 0.3196995, 1, 0, 30.22634
D:\carnd-sim\IMG\center_2017_01_08_16_13_34_084.jpg, D:\carnd-sim\IMG\left_2017_01_08_16_13_34_084.jpg, D:\carnd-sim\IMG\right_2017_01_08_16_13_34_084.jpg, 0, 1, 0, 30.18448
D:\carnd-sim\IMG\center_2017_01_08_16_13_34_199.jpg, D:\carnd-sim\IMG\left_2017_01_08_16_13_34_199.jpg, D:\carnd-sim\IMG\right_2017_01_08_16_13_34_199.jpg, 0.1435605, 1, 0, 30.08265
D:\carnd-sim\IMG\center_2017_01_08_16_13_34_315.jpg, D:\carnd-sim\IMG\left_2017_01_08_16_13_34_315.jpg, D:\carnd-sim\IMG\right_2017_01_08_16_13_34_315.jpg, 0.3428236, 1, 0, 30.30268
D:\carnd-sim\IMG\center_2017_01_08_16_13_34_420.jpg, D:\carnd-sim\IMG\left_2017_01_08_16_13_34_420.jpg, D:\carnd-sim\IMG\right_2017_01_08_16_13_34_420.jpg, 0.05588097, 1, 0, 30.20766
D:\carnd-sim\IMG\center_2017_01_08_16_13_34_531.jpg, D:\carnd-sim\IMG\left_2017_01_08_16_13_34_531.jpg, D:\carnd-sim\IMG\right_2017_01_08_16_13_34_531.jpg, 0, 1, 0, 30.22505
D:\carnd-sim\IMG\center_2017_01_08_16_13_34_643.jpg, D:\carnd-sim\IMG\left_2017_01_08_16_13_34_643.jpg, D:\carnd-sim\IMG\right_2017_01_08_16_13_34_643.jpg, 0, 1, 0, 30.19564
D:\carnd-sim\IMG\center_2017_01_08_16_13_34_757.jpg, D:\carnd-sim\IMG\left_2017_01_08_16_13_34_757.jpg, D:\carnd-sim\IMG\right_2017_01_08_16_13_34_757.jpg, 0, 1, 0, 30.1939
D:\carnd-sim\IMG\center_2017_01_08_16_13_34_867.jpg, D:\carnd-sim\IMG\left_2017_01_08_16_13_34_867.jpg, D:\carnd-sim\IMG\right_2017_01_08_16_13_34_867.jpg, 0, 1, 0, 30.194
D:\carnd-sim\IMG\center_2017_01_08_16_13_34_974.jpg, D:\carnd-sim\IMG\left_2017_01_08_16_13_34_974.jpg, D:\carnd-sim\IMG\right_2017_01_08_16_13_34_974.jpg, 0, 1, 0, 30.12042
D:\carnd-sim\IMG\center_2017_01_08_16_13_35_080.jpg, D:\carnd-sim\IMG\left_2017_01_08_16_13_35_080.jpg, D:\carnd-sim\IMG\right_2017_01_08_16_13_35_080.jpg, 0.276133, 1, 0, 30.05473
D:\carnd-sim\IMG\center_2017_01_08_16_13_35_190.jpg, D:\carnd-sim\IMG\left_2017_01_08_16_13_35_190.jpg, D:\carnd-sim\IMG\right_2017_01_08_16_13_35_190.jpg, 0, 1, 0, 27.40917
D:\carnd-sim\IMG\center_2017_01_08_16_13_35_297.jpg, D:\carnd-sim\IMG\left_2017_01_08_16_13_35_297.jpg, D:\carnd-sim\IMG\right_2017_01_08_16_13_35_297.jpg, 0, 1, 0, 25.57485
D:\carnd-sim\IMG\center_2017_01_08_16_13_35_407.jpg, D:\carnd-sim\IMG\left_2017_01_08_16_13_35_407.jpg, D:\carnd-sim\IMG\right_2017_01_08_16_13_35_407.jpg, 0, 1, 0, 23.641
D:\carnd-sim\IMG\center_2017_01_08_16_13_35_514.jpg, D:\carnd-sim\IMG\left_2017_01_08_16_13_35_514.jpg, D:\carnd-sim\IMG\right_2017_01_08_16_13_35_514.jpg, 0.0416356, 1, 0, 21.93272
D:\carnd-sim\IMG\center_2017_01_08_16_13_35_619.jpg, D:\carnd-sim\IMG\left_2017_01_08_16_13_35_619.jpg, D:\carnd-sim\IMG\right_2017_01_08_16_13_35_619.jpg, 0.3154685, 1, 0, 20.36874
D:\carnd-sim\IMG\center_2017_01_08_16_13_35_727.jpg, D:\carnd-sim\IMG\left_2017_01_08_16_13_35_727.jpg, D:\carnd-sim\IMG\right_2017_01_08_16_13_35_727.jpg, 0, 1, 0, 18.56918
D:\carnd-sim\IMG\center_2017_01_08_16_13_35_833.jpg, D:\carnd-sim\IMG\left_2017_01_08_16_13_35_833.jpg, D:\carnd-sim\IMG\right_2017_01_08_16_13_35_833.jpg, 0, 1, 0, 17.94063
D:\carnd-sim\IMG\center_2017_01_08_16_13_35_932.jpg, D:\carnd-sim\IMG\left_2017_01_08_16_13_35_932.jpg, D:\carnd-sim\IMG\right_2017_01_08_16_13_35_932.jpg, 0.0396165, 1, 0, 16.34885
D:\carnd-sim\IMG\center_2017_01_08_16_13_36_040.jpg, D:\carnd-sim\IMG\left_2017_01_08_16_13_36_040.jpg, D:\carnd-sim\IMG\right_2017_01_08_16_13_36_040.jpg, 0.3508928, 1, 0, 14.76717
D:\carnd-sim\IMG\center_2017_01_08_16_13_36_137.jpg, D:\carnd-sim\IMG\left_2017_01_08_16_13_36_137.jpg, D:\carnd-sim\IMG\right_2017_01_08_16_13_36_137.jpg, 0.617079, 1, 0, 13.94274
D:\carnd-sim\IMG\center_2017_01_08_16_13_36_243.jpg, D:\carnd-sim\IMG\left_2017_01_08_16_13_36_243.jpg, D:\carnd-sim\IMG\right_2017_01_08_16_13_36_243.jpg, 0.3019896, 1, 0, 14.92379
D:\carnd-sim\IMG\center_2017_01_08_16_13_36_350.jpg, D:\carnd-sim\IMG\left_2017_01_08_16_13_36_350.jpg, D:\carnd-sim\IMG\right_2017_01_08_16_13_36_350.jpg, 0.3563936, 1, 0, 16.31131
D:\carnd-sim\IMG\center_2017_01_08_16_13_36_457.jpg, D:\carnd-sim\IMG\left_2017_01_08_16_13_36_457.jpg, D:\carnd-sim\IMG\right_2017_01_08_16_13_36_457.jpg, 0.653828, 1, 0, 17.29773
D:\carnd-sim\IMG\center_2017_01_08_16_13_36_568.jpg, D:\carnd-sim\IMG\left_2017_01_08_16_13_36_568.jpg, D:\carnd-sim\IMG\right_2017_01_08_16_13_36_568.jpg, 0.3683082, 1, 0, 18.29136
D:\carnd-sim\IMG\center_2017_01_08_16_13_36_678.jpg, D:\carnd-sim\IMG\left_2017_01_08_16_13_36_678.jpg, D:\carnd-sim\IMG\right_2017_01_08_16_13_36_678.jpg, 0.03963538, 1, 0, 18.93488
D:\carnd-sim\IMG\center_2017_01_08_16_13_36_780.jpg, D:\carnd-sim\IMG\left_2017_01_08_16_13_36_780.jpg, D:\carnd-sim\IMG\right_2017_01_08_16_13_36_780.jpg, 0, 1, 0, 19.48233
D:\carnd-sim\IMG\center_2017_01_08_16_13_36_881.jpg, D:\carnd-sim\IMG\left_2017_01_08_16_13_36_881.jpg, D:\carnd-sim\IMG\right_2017_01_08_16_13_36_881.jpg, 0, 1, 0, 20.35907
D:\carnd-sim\IMG\center_2017_01_08_16_13_36_990.jpg, D:\carnd-sim\IMG\left_2017_01_08_16_13_36_990.jpg, D:\carnd-sim\IMG\right_2017_01_08_16_13_36_990.jpg, 0, 1, 0, 21.49129
D:\carnd-sim\IMG\center_2017_01_08_16_13_37_092.jpg, D:\carnd-sim\IMG\left_2017_01_08_16_13_37_092.jpg, D:\carnd-sim\IMG\right_2017_01_08_16_13_37_092.jpg, 0, 1, 0, 22.68879
D:\carnd-sim\IMG\center_2017_01_08_16_13_37_197.jpg, D:\carnd-sim\IMG\left_2017_01_08_16_13_37_197.jpg, D:\carnd-sim\IMG\right_2017_01_08_16_13_37_197.jpg, 0, 1, 0, 23.97099
D:\carnd-sim\IMG\center_2017_01_08_16_13_37_295.jpg, D:\carnd-sim\IMG\left_2017_01_08_16_13_37_295.jpg, D:\carnd-sim\IMG\right_2017_01_08_16_13_37_295.jpg, 0, 1, 0, 25.16573
D:\carnd-sim\IMG\center_2017_01_08_16_13_37_399.jpg, D:\carnd-sim\IMG\left_2017_01_08_16_13_37_399.jpg, D:\carnd-sim\IMG\right_2017_01_08_16_13_37_399.jpg, 0, 1, 0, 25.93293
D:\carnd-sim\IMG\center_2017_01_08_16_13_37_500.jpg, D:\carnd-sim\IMG\left_2017_01_08_16_13_37_500.jpg, D:\carnd-sim\IMG\right_2017_01_08_16_13_37_500.jpg, -0.03243348, 1, 0, 26.71043
D:\carnd-sim\IMG\center_2017_01_08_16_13_37_614.jpg, D:\carnd-sim\IMG\left_2017_01_08_16_13_37_614.jpg, D:\carnd-sim\IMG\right_2017_01_08_16_13_37_614.jpg, -0.397478, 1, 0, 27.57642
D:\carnd-sim\IMG\center_2017_01_08_16_13_37_718.jpg, D:\carnd-sim\IMG\left_2017_01_08_16_13_37_718.jpg, D:\carnd-sim\IMG\right_2017_01_08_16_13_37_718.jpg, -0.08699505, 1, 0, 28.53245
D:\carnd-sim\IMG\center_2017_01_08_16_13_37_821.jpg, D:\carnd-sim\IMG\left_2017_01_08_16_13_37_821.jpg, D:\carnd-sim\IMG\right_2017_01_08_16_13_37_821.jpg, 0, 1, 0, 29.02138
D:\carnd-sim\IMG\center_2017_01_08_16_13_37_935.jpg, D:\carnd-sim\IMG\left_2017_01_08_16_13_37_935.jpg, D:\carnd-sim\IMG\right_2017_01_08_16_13_37_935.jpg, 0, 1, 0, 29.77338
D:\carnd-sim\IMG\center_2017_01_08_16_13_38_037.jpg, D:\carnd-sim\IMG\left_2017_01_08_16_13_38_037.jpg, D:\carnd-sim\IMG\right_2017_01_08_16_13_38_037.jpg, 0, 1, 0, 30.18368
D:\carnd-sim\IMG\center_2017_01_08_16_13_38_136.jpg, D:\carnd-sim\IMG\left_2017_01_08_16_13_38_136.jpg, D:\carnd-sim\IMG\right_2017_01_08_16_13_38_136.jpg, 0, 1, 0, 30.11913
D:\carnd-sim\IMG\center_2017_01_08_16_13_38_238.jpg, D:\carnd-sim\IMG\left_2017_01_08_16_13_38_238.jpg, D:\carnd-sim\IMG\right_2017_01_08_16_13_38_238.jpg, 0, 1, 0, 30.1446
D:\carnd-sim\IMG\center_2017_01_08_16_13_38_341.jpg, D:\carnd-sim\IMG\left_2017_01_08_16_13_38_341.jpg, D:\carnd-sim\IMG\right_2017_01_08_16_13_38_341.jpg, 0, 1, 0, 30.16983
D:\carnd-sim\IMG\center_2017_01_08_16_13_38_451.jpg, D:\carnd-sim\IMG\left_2017_01_08_16_13_38_451.jpg, D:\carnd-sim\IMG\right_2017_01_08_16_13_38_451.jpg, 0, 1, 0, 30.19033
D:\carnd-sim\IMG\center_2017_01_08_16_13_38_560.jpg, D:\carnd-sim\IMG\left_2017_01_08_16_13_38_560.jpg, D:\carnd-sim\IMG\right_2017_01_08_16_13_38_560.jpg, 0, 1, 0, 30.1903
D:\carnd-sim\IMG\center_2017_01_08_16_13_38_671.jpg, D:\carnd-sim\IMG\left_2017_01_08_16_13_38_671.jpg, D:\carnd-sim\IMG\right_2017_01_08_16_13_38_671.jpg, 0, 1, 0, 30.19029
D:\carnd-sim\IMG\center_2017_01_08_16_13_38_779.jpg, D:\carnd-sim\IMG\left_2017_01_08_16_13_38_779.jpg, D:\carnd-sim\IMG\right_2017_01_08_16_13_38_779.jpg, 0, 1, 0, 30.19029
D:\carnd-sim\IMG\center_2017_01_08_16_13_38_881.jpg, D:\carnd-sim\IMG\left_2017_01_08_16_13_38_881.jpg, D:\carnd-sim\IMG\right_2017_01_08_16_13_38_881.jpg, 0, 1, 0, 30.19028
D:\carnd-sim\IMG\center_2017_01_08_16_13_38_988.jpg, D:\carnd-sim\IMG\left_2017_01_08_16_13_38_988.jpg, D:\carnd-sim\IMG\right_2017_01_08_16_13_38_988.jpg, 0, 1, 0, 30.1902
D:\carnd-sim\IMG\center_2017_01_08_16_13_39_091.jpg, D:\carnd-sim\IMG\left_2017_01_08_16_13_39_091.jpg, D:\carnd-sim\IMG\right_2017_01_08_16_13_39_091.jpg, 0.3098543, 1, 0, 30.16657
D:\carnd-sim\IMG\center_2017_01_08_16_13_39_195.jpg, D:\carnd-sim\IMG\left_2017_01_08_16_13_39_195.jpg, D:\carnd-sim\IMG\right_2017_01_08_16_13_39_195.jpg, 0.02589437, 1, 0, 30.18966
D:\carnd-sim\IMG\center_2017_01_08_16_13_39_299.jpg, D:\carnd-sim\IMG\left_2017_01_08_16_13_39_299.jpg, D:\carnd-sim\IMG\right_2017_01_08_16_13_39_299.jpg, 0, 1, 0, 30.18939
D:\carnd-sim\IMG\center_2017_01_08_16_13_39_400.jpg, D:\carnd-sim\IMG\left_2017_01_08_16_13_39_400.jpg, D:\carnd-sim\IMG\right_2017_01_08_16_13_39_400.jpg, 0.1596494, 1, 0, 30.18486
D:\carnd-sim\IMG\center_2017_01_08_16_13_39_503.jpg, D:\carnd-sim\IMG\left_2017_01_08_16_13_39_503.jpg, D:\carnd-sim\IMG\right_2017_01_08_16_13_39_503.jpg, 0, 1, 0, 30.18974
D:\carnd-sim\IMG\center_2017_01_08_16_13_39_604.jpg, D:\carnd-sim\IMG\left_2017_01_08_16_13_39_604.jpg, D:\carnd-sim\IMG\right_2017_01_08_16_13_39_604.jpg, 0, 1, 0, 30.1903
D:\carnd-sim\IMG\center_2017_01_08_16_13_39_707.jpg, D:\carnd-sim\IMG\left_2017_01_08_16_13_39_707.jpg, D:\carnd-sim\IMG\right_2017_01_08_16_13_39_707.jpg, 0, 1, 0, 30.19003
D:\carnd-sim\IMG\center_2017_01_08_16_13_39_810.jpg, D:\carnd-sim\IMG\left_2017_01_08_16_13_39_810.jpg, D:\carnd-sim\IMG\right_2017_01_08_16_13_39_810.jpg, 0, 1, 0, 30.18844
D:\carnd-sim\IMG\center_2017_01_08_16_13_39_911.jpg, D:\carnd-sim\IMG\left_2017_01_08_16_13_39_911.jpg, D:\carnd-sim\IMG\right_2017_01_08_16_13_39_911.jpg, 0.1782787, 1, 0, 30.18172
D:\carnd-sim\IMG\center_2017_01_08_16_13_40_013.jpg, D:\carnd-sim\IMG\left_2017_01_08_16_13_40_013.jpg, D:\carnd-sim\IMG\right_2017_01_08_16_13_40_013.jpg, 0.4153824, 1, 0, 30.15419
D:\carnd-sim\IMG\center_2017_01_08_16_13_40_114.jpg, D:\carnd-sim\IMG\left_2017_01_08_16_13_40_114.jpg, D:\carnd-sim\IMG\right_2017_01_08_16_13_40_114.jpg, 0.1990235, 1, 0, 30.19036
D:\carnd-sim\IMG\center_2017_01_08_16_13_40_214.jpg, D:\carnd-sim\IMG\left_2017_01_08_16_13_40_214.jpg, D:\carnd-sim\IMG\right_2017_01_08_16_13_40_214.jpg, 0.5001621, 1, 0, 30.15556
D:\carnd-sim\IMG\center_2017_01_08_16_13_40_319.jpg, D:\carnd-sim\IMG\left_2017_01_08_16_13_40_319.jpg, D:\carnd-sim\IMG\right_2017_01_08_16_13_40_319.jpg, 0.2534267, 1, 0, 30.1935
D:\carnd-sim\IMG\center_2017_01_08_16_13_40_425.jpg, D:\carnd-sim\IMG\left_2017_01_08_16_13_40_425.jpg, D:\carnd-sim\IMG\right_2017_01_08_16_13_40_425.jpg, 0, 1, 0, 30.1879
D:\carnd-sim\IMG\center_2017_01_08_16_13_40_528.jpg, D:\carnd-sim\IMG\left_2017_01_08_16_13_40_528.jpg, D:\carnd-sim\IMG\right_2017_01_08_16_13_40_528.jpg, 0, 1, 0, 30.19041
D:\carnd-sim\IMG\center_2017_01_08_16_13_40_633.jpg, D:\carnd-sim\IMG\left_2017_01_08_16_13_40_633.jpg, D:\carnd-sim\IMG\right_2017_01_08_16_13_40_633.jpg, 0.1789416, 1, 0, 30.18196
D:\carnd-sim\IMG\center_2017_01_08_16_13_40_733.jpg, D:\carnd-sim\IMG\left_2017_01_08_16_13_40_733.jpg, D:\carnd-sim\IMG\right_2017_01_08_16_13_40_733.jpg, 0.2105546, 1, 0, 30.18736
D:\carnd-sim\IMG\center_2017_01_08_16_13_40_837.jpg, D:\carnd-sim\IMG\left_2017_01_08_16_13_40_837.jpg, D:\carnd-sim\IMG\right_2017_01_08_16_13_40_837.jpg, 0, 1, 0, 30.18935
D:\carnd-sim\IMG\center_2017_01_08_16_13_40_937.jpg, D:\carnd-sim\IMG\left_2017_01_08_16_13_40_937.jpg, D:\carnd-sim\IMG\right_2017_01_08_16_13_40_937.jpg, 0.2786943, 1, 0, 30.17586
D:\carnd-sim\IMG\center_2017_01_08_16_13_41_039.jpg, D:\carnd-sim\IMG\left_2017_01_08_16_13_41_039.jpg, D:\carnd-sim\IMG\right_2017_01_08_16_13_41_039.jpg, 0.559803, 1, 0, 30.14043
D:\carnd-sim\IMG\center_2017_01_08_16_13_41_144.jpg, D:\carnd-sim\IMG\left_2017_01_08_16_13_41_144.jpg, D:\carnd-sim\IMG\right_2017_01_08_16_13_41_144.jpg, 0.2921445, 1, 0, 30.19341
D:\carnd-sim\IMG\center_2017_01_08_16_13_41_251.jpg, D:\carnd-sim\IMG\left_2017_01_08_16_13_41_251.jpg, D:\carnd-sim\IMG\right_2017_01_08_16_13_41_251.jpg, 0.3605138, 1, 0, 30.18485
D:\carnd-sim\IMG\center_2017_01_08_16_13_41_360.jpg, D:\carnd-sim\IMG\left_2017_01_08_16_13_41_360.jpg, D:\carnd-sim\IMG\right_2017_01_08_16_13_41_360.jpg, 0.455524, 1, 0, 30.17686
D:\carnd-sim\IMG\center_2017_01_08_16_13_41_468.jpg, D:\carnd-sim\IMG\left_2017_01_08_16_13_41_468.jpg, D:\carnd-sim\IMG\right_2017_01_08_16_13_41_468.jpg, 0.1056227, 1, 0, 30.1936
D:\carnd-sim\IMG\center_2017_01_08_16_13_41_576.jpg, D:\carnd-sim\IMG\left_2017_01_08_16_13_41_576.jpg, D:\carnd-sim\IMG\right_2017_01_08_16_13_41_576.jpg, 0.402369, 1, 0, 30.1743
D:\carnd-sim\IMG\center_2017_01_08_16_13_41_681.jpg, D:\carnd-sim\IMG\left_2017_01_08_16_13_41_681.jpg, D:\carnd-sim\IMG\right_2017_01_08_16_13_41_681.jpg, 0.4675998, 1, 0, 30.17923
D:\carnd-sim\IMG\center_2017_01_08_16_13_41_790.jpg, D:\carnd-sim\IMG\left_2017_01_08_16_13_41_790.jpg, D:\carnd-sim\IMG\right_2017_01_08_16_13_41_790.jpg, 0.1126517, 1, 0, 30.19269
D:\carnd-sim\IMG\center_2017_01_08_16_13_41_893.jpg, D:\carnd-sim\IMG\left_2017_01_08_16_13_41_893.jpg, D:\carnd-sim\IMG\right_2017_01_08_16_13_41_893.jpg, 0.05927075, 1, 0, 30.19042
D:\carnd-sim\IMG\center_2017_01_08_16_13_41_999.jpg, D:\carnd-sim\IMG\left_2017_01_08_16_13_41_999.jpg, D:\carnd-sim\IMG\right_2017_01_08_16_13_41_999.jpg, 0, 1, 0, 30.18908
D:\carnd-sim\IMG\center_2017_01_08_16_13_42_106.jpg, D:\carnd-sim\IMG\left_2017_01_08_16_13_42_106.jpg, D:\carnd-sim\IMG\right_2017_01_08_16_13_42_106.jpg, 0, 1, 0, 30.19063
D:\carnd-sim\IMG\center_2017_01_08_16_13_42_207.jpg, D:\carnd-sim\IMG\left_2017_01_08_16_13_42_207.jpg, D:\carnd-sim\IMG\right_2017_01_08_16_13_42_207.jpg, 0, 1, 0, 30.19037
D:\carnd-sim\IMG\center_2017_01_08_16_13_42_313.jpg, D:\carnd-sim\IMG\left_2017_01_08_16_13_42_313.jpg, D:\carnd-sim\IMG\right_2017_01_08_16_13_42_313.jpg, 0, 1, 0, 30.1909
D:\carnd-sim\IMG\center_2017_01_08_16_13_42_420.jpg, D:\carnd-sim\IMG\left_2017_01_08_16_13_42_420.jpg, D:\carnd-sim\IMG\right_2017_01_08_16_13_42_420.jpg, 0.2890248, 1, 0, 30.16964
D:\carnd-sim\IMG\center_2017_01_08_16_13_42_529.jpg, D:\carnd-sim\IMG\left_2017_01_08_16_13_42_529.jpg, D:\carnd-sim\IMG\right_2017_01_08_16_13_42_529.jpg, 0.2635582, 1, 0, 30.18796
D:\carnd-sim\IMG\center_2017_01_08_16_13_42_636.jpg, D:\carnd-sim\IMG\left_2017_01_08_16_13_42_636.jpg, D:\carnd-sim\IMG\right_2017_01_08_16_13_42_636.jpg, 0, 1, 0, 30.18748
D:\carnd-sim\IMG\center_2017_01_08_16_13_43_075.jpg, D:\carnd-sim\IMG\left_2017_01_08_16_13_43_075.jpg, D:\carnd-sim\IMG\right_2017_01_08_16_13_43_075.jpg, 1, 1, 0, 30.11513
D:\carnd-sim\IMG\center_2017_01_08_16_13_43_176.jpg, D:\carnd-sim\IMG\left_2017_01_08_16_13_43_176.jpg, D:\carnd-sim\IMG\right_2017_01_08_16_13_43_176.jpg, 0.6884643, 1, 0, 30.18169
D:\carnd-sim\IMG\center_2017_01_08_16_13_43_281.jpg, D:\carnd-sim\IMG\left_2017_01_08_16_13_43_281.jpg, D:\carnd-sim\IMG\right_2017_01_08_16_13_43_281.jpg, 0.403611, 1, 0, 30.09731
D:\carnd-sim\IMG\center_2017_01_08_16_13_43_383.jpg, D:\carnd-sim\IMG\left_2017_01_08_16_13_43_383.jpg, D:\carnd-sim\IMG\right_2017_01_08_16_13_43_383.jpg, 0.09534349, 1, 0, 29.9434
D:\carnd-sim\IMG\center_2017_01_08_16_13_43_493.jpg, D:\carnd-sim\IMG\left_2017_01_08_16_13_43_493.jpg, D:\carnd-sim\IMG\right_2017_01_08_16_13_43_493.jpg, 0, 1, 0, 30.11726
D:\carnd-sim\IMG\center_2017_01_08_16_13_43_595.jpg, D:\carnd-sim\IMG\left_2017_01_08_16_13_43_595.jpg, D:\carnd-sim\IMG\right_2017_01_08_16_13_43_595.jpg, -0.2099557, 1, 0, 29.54556
D:\carnd-sim\IMG\center_2017_01_08_16_13_43_704.jpg, D:\carnd-sim\IMG\left_2017_01_08_16_13_43_704.jpg, D:\carnd-sim\IMG\right_2017_01_08_16_13_43_704.jpg, -0.5060951, 1, 0, 29.52889
D:\carnd-sim\IMG\center_2017_01_08_16_13_43_810.jpg, D:\carnd-sim\IMG\left_2017_01_08_16_13_43_810.jpg, D:\carnd-sim\IMG\right_2017_01_08_16_13_43_810.jpg, -0.4865372, 1, 0, 29.0434
D:\carnd-sim\IMG\center_2017_01_08_16_13_43_918.jpg, D:\carnd-sim\IMG\left_2017_01_08_16_13_43_918.jpg, D:\carnd-sim\IMG\right_2017_01_08_16_13_43_918.jpg, -0.1710615, 1, 0, 29.75477
D:\carnd-sim\IMG\center_2017_01_08_16_13_44_024.jpg, D:\carnd-sim\IMG\left_2017_01_08_16_13_44_024.jpg, D:\carnd-sim\IMG\right_2017_01_08_16_13_44_024.jpg, 0, 1, 0, 29.90084
D:\carnd-sim\IMG\center_2017_01_08_16_13_44_134.jpg, D:\carnd-sim\IMG\left_2017_01_08_16_13_44_134.jpg, D:\carnd-sim\IMG\right_2017_01_08_16_13_44_134.jpg, 0, 0.6777906, 0, 29.51078
D:\carnd-sim\IMG\center_2017_01_08_16_13_44_239.jpg, D:\carnd-sim\IMG\left_2017_01_08_16_13_44_239.jpg, D:\carnd-sim\IMG\right_2017_01_08_16_13_44_239.jpg, 0, 0.3902337, 0, 30.21794
D:\carnd-sim\IMG\center_2017_01_08_16_13_44_345.jpg, D:\carnd-sim\IMG\left_2017_01_08_16_13_44_345.jpg, D:\carnd-sim\IMG\right_2017_01_08_16_13_44_345.jpg, 0, 0.06931485, 0, 28.57599
D:\carnd-sim\IMG\center_2017_01_08_16_13_44_455.jpg, D:\carnd-sim\IMG\left_2017_01_08_16_13_44_455.jpg, D:\carnd-sim\IMG\right_2017_01_08_16_13_44_455.jpg, 0, 0, 0, 28.52467
D:\carnd-sim\IMG\center_2017_01_08_16_13_44_555.jpg, D:\carnd-sim\IMG\left_2017_01_08_16_13_44_555.jpg, D:\carnd-sim\IMG\right_2017_01_08_16_13_44_555.jpg, 0, 0, 0, 27.68768
D:\carnd-sim\IMG\center_2017_01_08_16_13_44_664.jpg, D:\carnd-sim\IMG\left_2017_01_08_16_13_44_664.jpg, D:\carnd-sim\IMG\right_2017_01_08_16_13_44_664.jpg, 0, 0, 0, 27.34578
D:\carnd-sim\IMG\center_2017_01_08_16_13_44_772.jpg, D:\carnd-sim\IMG\left_2017_01_08_16_13_44_772.jpg, D:\carnd-sim\IMG\right_2017_01_08_16_13_44_772.jpg, 0, 0, 0, 27.01665
D:\carnd-sim\IMG\center_2017_01_08_16_13_44_877.jpg, D:\carnd-sim\IMG\left_2017_01_08_16_13_44_877.jpg, D:\carnd-sim\IMG\right_2017_01_08_16_13_44_877.jpg, 0, 0, 0, 26.74489
D:\carnd-sim\IMG\center_2017_01_08_16_13_44_980.jpg, D:\carnd-sim\IMG\left_2017_01_08_16_13_44_980.jpg, D:\carnd-sim\IMG\right_2017_01_08_16_13_44_980.jpg, 0, 0, 0, 26.47615
D:\carnd-sim\IMG\center_2017_01_08_16_13_45_082.jpg, D:\carnd-sim\IMG\left_2017_01_08_16_13_45_082.jpg, D:\carnd-sim\IMG\right_2017_01_08_16_13_45_082.jpg, 0, 0, 0, 26.2103
D:\carnd-sim\IMG\center_2017_01_08_16_13_45_187.jpg, D:\carnd-sim\IMG\left_2017_01_08_16_13_45_187.jpg, D:\carnd-sim\IMG\right_2017_01_08_16_13_45_187.jpg, 0, 0, 0, 25.89483
D:\carnd-sim\IMG\center_2017_01_08_16_13_45_296.jpg, D:\carnd-sim\IMG\left_2017_01_08_16_13_45_296.jpg, D:\carnd-sim\IMG\right_2017_01_08_16_13_45_296.jpg, 0, 0, 0, 25.61399
D:\carnd-sim\IMG\center_2017_01_08_16_13_45_403.jpg, D:\carnd-sim\IMG\left_2017_01_08_16_13_45_403.jpg, D:\carnd-sim\IMG\right_2017_01_08_16_13_45_403.jpg, 0, 0, 0, 25.32424
D:\carnd-sim\IMG\center_2017_01_08_16_13_45_503.jpg, D:\carnd-sim\IMG\left_2017_01_08_16_13_45_503.jpg, D:\carnd-sim\IMG\right_2017_01_08_16_13_45_503.jpg, 0, 0, 0, 23.89149
D:\carnd-sim\IMG\center_2017_01_08_16_13_45_609.jpg, D:\carnd-sim\IMG\left_2017_01_08_16_13_45_609.jpg, D:\carnd-sim\IMG\right_2017_01_08_16_13_45_609.jpg, 0, 0, 0, 22.72018
D:\carnd-sim\IMG\center_2017_01_08_16_13_45_713.jpg, D:\carnd-sim\IMG\left_2017_01_08_16_13_45_713.jpg, D:\carnd-sim\IMG\right_2017_01_08_16_13_45_713.jpg, 0, 0, 0, 21.3457
D:\carnd-sim\IMG\center_2017_01_08_16_13_45_819.jpg, D:\carnd-sim\IMG\left_2017_01_08_16_13_45_819.jpg, D:\carnd-sim\IMG\right_2017_01_08_16_13_45_819.jpg, 0, 0, 0, 20.04492
D:\carnd-sim\IMG\center_2017_01_08_16_13_45_927.jpg, D:\carnd-sim\IMG\left_2017_01_08_16_13_45_927.jpg, D:\carnd-sim\IMG\right_2017_01_08_16_13_45_927.jpg, 0, 0, 0, 18.34995
D:\carnd-sim\IMG\center_2017_01_08_16_13_46_035.jpg, D:\carnd-sim\IMG\left_2017_01_08_16_13_46_035.jpg, D:\carnd-sim\IMG\right_2017_01_08_16_13_46_035.jpg, 0, 0, 0, 17.23911
D:\carnd-sim\IMG\center_2017_01_08_16_13_46_142.jpg, D:\carnd-sim\IMG\left_2017_01_08_16_13_46_142.jpg, D:\carnd-sim\IMG\right_2017_01_08_16_13_46_142.jpg, 0, 0, 0, 16.11111
